Datetime,Water Level (m)
2025-02-23 18:00:00,-0.7269727
2025-02-23 19:00:00,-0.8626954
2025-02-23 20:00:00,-0.8923774
2025-02-23 21:00:00,-0.78378123
2025-02-23 22:00:00,-0.5289637
2025-02-23 23:00:00,-0.27392682
2025-02-24 00:00:00,-0.07174352
2025-02-24 01:00:00,0.009478096
2025-02-24 02:00:00,-0.017469786
2025-02-24 03:00:00,-0.20361336
2025-02-24 04:00:00,-0.49645105
2025-02-24 05:00:00,-0.7646989
2025-02-24 06:00:00,-1.0083251
2025-02-24 07:00:00,-1.1427125
2025-02-24 08:00:00,-1.1224328
2025-02-24 09:00:00,-0.909523
2025-02-24 10:00:00,-0.4943792
2025-02-24 11:00:00,-0.09589896
2025-02-24 12:00:00,0.26831838
2025-02-24 13:00:00,0.4747473
2025-02-24 14:00:00,0.504273
2025-02-24 15:00:00,0.37230533
2025-02-24 16:00:00,0.06460264
2025-02-24 17:00:00,-0.32540295
2025-02-24 18:00:00,-0.69290745
2025-02-24 19:00:00,-0.9593126
2025-02-24 20:00:00,-1.1410168
2025-02-24 21:00:00,-1.15231
2025-02-24 22:00:00,-0.9512869
2025-02-24 23:00:00,-0.5467413
2025-02-25 00:00:00,-0.16546568
2025-02-25 01:00:00,0.12935467
2025-02-25 02:00:00,0.24654089
2025-02-25 03:00:00,0.18000127
2025-02-25 04:00:00,-0.082155235
2025-02-25 05:00:00,-0.48479974
2025-02-25 06:00:00,-0.86116946
2025-02-25 07:00:00,-1.20986
2025-02-25 08:00:00,-1.385723
2025-02-25 09:00:00,-1.3367251
2025-02-25 10:00:00,-1.0685897
2025-02-25 11:00:00,-0.48607224
2025-02-25 12:00:00,0.095467545
2025-02-25 13:00:00,0.53249705
2025-02-25 14:00:00,0.73125523
2025-02-25 15:00:00,0.74024385
2025-02-25 16:00:00,0.48952103
2025-02-25 17:00:00,0.019775495
2025-02-25 18:00:00,-0.49764696
2025-02-25 19:00:00,-0.9159392
2025-02-25 20:00:00,-1.2579591
2025-02-25 21:00:00,-1.4295092
2025-02-25 22:00:00,-1.35277
2025-02-25 23:00:00,-1.0072528
2025-02-26 00:00:00,-0.38313144
2025-02-26 01:00:00,0.11632247
2025-02-26 02:00:00,0.45923236
2025-02-26 03:00:00,0.5114326
2025-02-26 04:00:00,0.36025506
2025-02-26 05:00:00,-0.044269603
2025-02-26 06:00:00,-0.58351046
2025-02-26 07:00:00,-1.041643
2025-02-26 08:00:00,-1.41248
2025-02-26 09:00:00,-1.5627488
2025-02-26 10:00:00,-1.4546772
2025-02-26 11:00:00,-1.0697695
2025-02-26 12:00:00,-0.27126056
2025-02-26 13:00:00,0.3829086
2025-02-26 14:00:00,0.8349361
2025-02-26 15:00:00,1.0026194
2025-02-26 16:00:00,0.9110498
2025-02-26 17:00:00,0.4858801
2025-02-26 18:00:00,-0.11682366
2025-02-26 19:00:00,-0.73149675
2025-02-26 20:00:00,-1.2012105
2025-02-26 21:00:00,-1.5486691
2025-02-26 22:00:00,-1.6444012
2025-02-26 23:00:00,-1.4245379
2025-02-27 00:00:00,-0.89538664
2025-02-27 01:00:00,-0.07465795
2025-02-27 02:00:00,0.4817698
2025-02-27 03:00:00,0.75304526
2025-02-27 04:00:00,0.7358016
2025-02-27 05:00:00,0.45743033
2025-02-27 06:00:00,-0.11209598
2025-02-27 07:00:00,-0.7386291
2025-02-27 08:00:00,-1.2413855
2025-02-27 09:00:00,-1.5965568
2025-02-27 10:00:00,-1.7004074
2025-02-27 11:00:00,-1.4948426
2025-02-27 12:00:00,-0.9112651
2025-02-27 13:00:00,0.04886187
2025-02-27 14:00:00,0.7117629
2025-02-27 15:00:00,1.116573
2025-02-27 16:00:00,1.1799018
2025-02-27 17:00:00,0.91587925
2025-02-27 18:00:00,0.3463163
2025-02-27 19:00:00,-0.3631301
2025-02-27 20:00:00,-0.9701383
2025-02-27 21:00:00,-1.4734823
2025-02-27 22:00:00,-1.7637093
2025-02-27 23:00:00,-1.770807
2025-02-28 00:00:00,-1.4057627
2025-02-28 01:00:00,-0.6235288
2025-02-28 02:00:00,0.27948636
2025-02-28 03:00:00,0.7998774
2025-02-28 04:00:00,0.9760456
2025-02-28 05:00:00,0.86875725
2025-02-28 06:00:00,0.41108793
2025-02-28 07:00:00,-0.2947
2025-02-28 08:00:00,-0.9352721
2025-02-28 09:00:00,-1.4542923
2025-02-28 10:00:00,-1.7657764
2025-02-28 11:00:00,-1.8019489
2025-02-28 12:00:00,-1.4569768
2025-02-28 13:00:00,-0.6093579
2025-02-28 14:00:00,0.33862683
2025-02-28 15:00:00,0.98117197
2025-02-28 16:00:00,1.2726349
2025-02-28 17:00:00,1.215797
2025-02-28 18:00:00,0.7875934
2025-02-28 19:00:00,0.07838647
2025-02-28 20:00:00,-0.6893769
2025-02-28 21:00:00,-1.2842551
2025-02-28 22:00:00,-1.7237042
2025-02-28 23:00:00,-1.9135164
2025-03-01 00:00:00,-1.7742364
2025-03-01 01:00:00,-1.2164482
2025-03-01 02:00:00,-0.17523167
2025-03-01 03:00:00,0.613685
2025-03-01 04:00:00,1.0363276
2025-03-01 05:00:00,1.1030972
2025-03-01 06:00:00,0.8368712
2025-03-01 07:00:00,0.23249803
2025-03-01 08:00:00,-0.517241
2025-03-01 09:00:00,-1.1261047
2025-03-01 10:00:00,-1.595896
2025-03-01 11:00:00,-1.8304856
2025-03-01 12:00:00,-1.7644843
2025-03-01 13:00:00,-1.2734748
2025-03-01 14:00:00,-0.26059452
2025-03-01 15:00:00,0.6247387
2025-03-01 16:00:00,1.1495447
2025-03-01 17:00:00,1.284716
2025-03-01 18:00:00,1.0931529
